{
  "0-[]-null": {
    "priorParams": [
      1.0073795201772135,
      1.0000000000000102,
      3669.9177677839666
    ],
    "numDrills": 1,
    "lastTime": 1617522663,
    "lastResult": true
  },
  "1-[]-en": {
    "priorParams": [
      1.0001821435767428,
      0.9999999999999976,
      172881.51074327982
    ],
    "numDrills": 1,
    "lastTime": 1617522661,
    "lastResult": true
  },
  "2-[]-to": {
    "priorParams": [
      1.0002014772066186,
      1.000000000000014,
      172890.16657219006
    ],
    "numDrills": 1,
    "lastTime": 1617522666,
    "lastResult": true
  },
  "3-[]-tre": {
    "priorParams": [
      1.0080514280201711,
      1.0000000000000069,
      3676.3997321829734
    ],
    "numDrills": 1,
    "lastTime": 1617522665,
    "lastResult": true
  },
  "4-[]-fire": {
    "priorParams": [
      1.000196643961979,
      1.0000000000000007,
      172888.00261818644
    ],
    "numDrills": 1,
    "lastTime": 1617522659,
    "lastResult": true
  },
  "5-[]-fem": {
    "priorParams": [
      1.0001869771470526,
      1.0000000000000016,
      172883.67470373225
    ],
    "numDrills": 1,
    "lastTime": 1617522668,
    "lastResult": true
  },
  "6-[]-seks": {},
  "7-[]-sju": {},
  "8-[]-\u00e5tte": {},
  "9-[]-ni": {}
}